{
  "time_mean":{
    "0":0.0012515645,
    "1":0.0237797247,
    "2":0.0037546934,
    "3":0.0,
    "4":0.1239048811,
    "5":1.0,
    "6":0.7496871089
  },
  "time_median":{
    "0":0.1428571429,
    "1":0.2857142857,
    "2":0.0,
    "3":0.4285714286,
    "4":0.7142857143,
    "5":0.5714285714,
    "6":1.0
  },
  "time_std":{
    "0":0.625,
    "1":0.375,
    "2":0.625,
    "3":0.625,
    "4":0.75,
    "5":0.0,
    "6":1.0
  },
  "time_kurtosis":{
    "0":0.8148148148,
    "1":0.0,
    "2":0.8148148148,
    "3":1.0,
    "4":0.0462962963,
    "5":0.4259259259,
    "6":0.7962962963
  },
  "time_skewness":{
    "0":0.8148148148,
    "1":0.6111111111,
    "2":0.8148148148,
    "3":1.0,
    "4":0.0,
    "5":0.5740740741,
    "6":0.4259259259
  },
  "amount_mean":{
    "0":0.801980198,
    "1":0.2376237624,
    "2":0.801980198,
    "3":1.0,
    "4":0.495049505,
    "5":0.7524752475,
    "6":0.0
  },
  "amount_median":{
    "0":0.7590361446,
    "1":0.0,
    "2":0.7590361446,
    "3":1.0,
    "4":0.6024096386,
    "5":0.0722891566,
    "6":0.3373493976
  },
  "amount_std":{
    "0":0.746835443,
    "1":0.2911392405,
    "2":0.746835443,
    "3":1.0,
    "4":0.7215189873,
    "5":0.0,
    "6":0.4430379747
  },
  "amount_kurtosis":{
    "0":0.797979798,
    "1":0.0,
    "2":0.797979798,
    "3":1.0,
    "4":0.3333333333,
    "5":0.8181818182,
    "6":0.5858585859
  },
  "amount_skewness":{
    "0":0.7727272727,
    "1":0.0,
    "2":0.7727272727,
    "3":1.0,
    "4":0.5909090909,
    "5":0.5454545455,
    "6":0.1136363636
  },
  "type":{
    "0":0,
    "1":0,
    "2":0,
    "3":0,
    "4":1,
    "5":1,
    "6":1
  },
  "label":{
    "0":1,
    "1":1,
    "2":0,
    "3":0,
    "4":0,
    "5":1,
    "6":0
  }
}