{
  "time_mean":{
    "0":0.7496871089,
    "1":0.0012515645,
    "2":0.0237797247,
    "3":0.0037546934,
    "4":0.0,
    "5":1.0,
    "6":0.1239048811
  },
  "time_median":{
    "0":1.0,
    "1":0.1428571429,
    "2":0.2857142857,
    "3":0.0,
    "4":0.4285714286,
    "5":0.5714285714,
    "6":0.7142857143
  },
  "time_std":{
    "0":1.0,
    "1":0.625,
    "2":0.375,
    "3":0.625,
    "4":0.625,
    "5":0.0,
    "6":0.75
  },
  "time_kurtosis":{
    "0":0.7962962963,
    "1":0.8148148148,
    "2":0.0,
    "3":0.8148148148,
    "4":1.0,
    "5":0.4259259259,
    "6":0.0462962963
  },
  "time_skewness":{
    "0":0.4259259259,
    "1":0.8148148148,
    "2":0.6111111111,
    "3":0.8148148148,
    "4":1.0,
    "5":0.5740740741,
    "6":0.0
  },
  "amount_mean":{
    "0":0.0,
    "1":0.801980198,
    "2":0.2376237624,
    "3":0.801980198,
    "4":1.0,
    "5":0.7524752475,
    "6":0.495049505
  },
  "amount_median":{
    "0":0.3373493976,
    "1":0.7590361446,
    "2":0.0,
    "3":0.7590361446,
    "4":1.0,
    "5":0.0722891566,
    "6":0.6024096386
  },
  "amount_std":{
    "0":0.4430379747,
    "1":0.746835443,
    "2":0.2911392405,
    "3":0.746835443,
    "4":1.0,
    "5":0.0,
    "6":0.7215189873
  },
  "amount_kurtosis":{
    "0":0.5858585859,
    "1":0.797979798,
    "2":0.0,
    "3":0.797979798,
    "4":1.0,
    "5":0.8181818182,
    "6":0.3333333333
  },
  "amount_skewness":{
    "0":0.1136363636,
    "1":0.7727272727,
    "2":0.0,
    "3":0.7727272727,
    "4":1.0,
    "5":0.5454545455,
    "6":0.5909090909
  },
  "type":{
    "0":0,
    "1":0,
    "2":0,
    "3":0,
    "4":1,
    "5":1,
    "6":1
  },
  "label":{
    "0":"NORMAL",
    "1":"ATTACK",
    "2":"ATTACK",
    "3":"NORMAL",
    "4":"NORMAL",
    "5":"ATTACK",
    "6":"NORMAL"
  }
}