{
  "id": [
    "19560349-9614-4a1d-9bed-747914f9311c"
  ],
  "time_mean": [
    7242.0
  ],
  "time_std": [
    5528.679336864867
  ],
  "time_skew": [
    0.9413372925197685
  ],
  "amount_1": [
    0.0
  ],
  "amount_2": [
    0.0
  ],
  "amount_3": [
    0.8274627480778394
  ],
  "amount_4": [
    0.8337733589192112
  ],
  "amount_5": [
    1.0
  ],
  "amount_6": [
    0.552011024250776
  ],
  "amount_7": [
    0.024456836709724792
  ],
  "amount_8": [
    0.8407665460352621
  ],
  "amount_9": [
    0.9644287609308795
  ],
  "amount_10": [
    0.056692467191263037
  ],
  "type": [
    -1
  ],
  "label": [
    "ATTACK"
  ]
}