{
  "id": [
    "19560349-9614-4a1d-9bed-747914f9311c"
  ],
  "time_mean": [
    7242.888888888889
  ],
  "time_median": [
    4990.0
  ],
  "time_std": [
    5528.679336864867
  ],
  "time_kurtosis": [
    -0.1516282723164708
  ],
  "time_skew": [
    0.9413372925197685
  ],
  "amount_mean": [
    545.9680000000001
  ],
  "amount_median": [
    685.56
  ],
  "amount_std": [
    322.47618779686667
  ],
  "amount_kurtosis": [
    -1.7681011904976218
  ],
  "amount_skew": [
    -0.2219881917096792
  ],
  "type": [
    -1
  ],
  "label": [
    "ATTACK"
  ]
}